model,source_language,target_language,layer,is_self_transfer,accuracy,accuracy_pct,macro_f1,macro_f1_pct,num_tokens,train_split,eval_split,input_file
afriberta_large,hau,hau,0,True,0.837867599429978,83.7867599429978,0.6974259912523548,69.74259912523549,15438,train,test,layer_sweep_metrics.json
afriberta_large,hau,hau,1,True,0.8593082005441119,85.9308200544112,0.7257819892798053,72.57819892798054,15438,train,test,layer_sweep_metrics.json
afriberta_large,hau,hau,2,True,0.8793885218292525,87.93885218292526,0.754337182273426,75.43371822734261,15438,train,test,layer_sweep_metrics.json
afriberta_large,hau,hau,3,True,0.9113227101956212,91.13227101956211,0.8018033811039227,80.18033811039227,15438,train,test,layer_sweep_metrics.json
afriberta_large,hau,hau,4,True,0.9122295634149501,91.222956341495,0.8002154481320508,80.02154481320508,15438,train,test,layer_sweep_metrics.json
afriberta_large,hau,hau,5,True,0.9138489441637517,91.38489441637518,0.8037323066490891,80.37323066490892,15438,train,test,layer_sweep_metrics.json
afriberta_large,hau,hau,6,True,0.9098976551366758,90.98976551366758,0.7985059019816433,79.85059019816433,15438,train,test,layer_sweep_metrics.json
afriberta_large,hau,hau,7,True,0.9022541780023319,90.22541780023319,0.7868897323673432,78.68897323673431,15438,train,test,layer_sweep_metrics.json
afriberta_large,hau,hau,8,True,0.8995983935742972,89.95983935742971,0.7807375623641621,78.07375623641622,15438,train,test,layer_sweep_metrics.json
afriberta_large,hau,hau,9,True,0.8933799714988988,89.33799714988989,0.7715675656463616,77.15675656463617,15438,train,test,layer_sweep_metrics.json
afriberta_large,hau,hau,10,True,0.8915014898302889,89.15014898302888,0.7744783053232845,77.44783053232845,15438,train,test,layer_sweep_metrics.json
afriberta_large,hau,ibo,0,False,0.314143988349868,31.4143988349868,0.20224007177827033,20.224007177827033,21974,train,test,layer_sweep_metrics.json
afriberta_large,hau,ibo,1,False,0.41517247656321105,41.5172476563211,0.23788049831200667,23.788049831200667,21974,train,test,layer_sweep_metrics.json
afriberta_large,hau,ibo,2,False,0.5049148994265951,50.491489942659506,0.28375998168164906,28.375998168164905,21974,train,test,layer_sweep_metrics.json
afriberta_large,hau,ibo,3,False,0.578501865841449,57.8501865841449,0.35093545035542045,35.09354503554204,21974,train,test,layer_sweep_metrics.json
afriberta_large,hau,ibo,4,False,0.593019022481114,59.3019022481114,0.36745434083678385,36.74543408367838,21974,train,test,layer_sweep_metrics.json
afriberta_large,hau,ibo,5,False,0.5967962137071084,59.67962137071085,0.38003133191536576,38.00313319153658,21974,train,test,layer_sweep_metrics.json
afriberta_large,hau,ibo,6,False,0.5876035314462547,58.76035314462547,0.36534292058425216,36.534292058425216,21974,train,test,layer_sweep_metrics.json
afriberta_large,hau,ibo,7,False,0.5867843815418221,58.67843815418221,0.36816421337629723,36.81642133762972,21974,train,test,layer_sweep_metrics.json
afriberta_large,hau,ibo,8,False,0.5764994994083917,57.64994994083917,0.3629360391711944,36.29360391711944,21974,train,test,layer_sweep_metrics.json
afriberta_large,hau,ibo,9,False,0.5815054154910348,58.15054154910349,0.3576010332279718,35.760103322797185,21974,train,test,layer_sweep_metrics.json
afriberta_large,hau,ibo,10,False,0.5783653408573769,57.83653408573769,0.3435124961371224,34.35124961371224,21974,train,test,layer_sweep_metrics.json
afriberta_large,hau,swa,0,False,0.298307826303347,29.830782630334703,0.1643387405685435,16.43387405685435,16074,train,test,layer_sweep_metrics.json
afriberta_large,hau,swa,1,False,0.3892621624984447,38.92621624984447,0.216760266158442,21.676026615844197,16074,train,test,layer_sweep_metrics.json
afriberta_large,hau,swa,2,False,0.44525320393181533,44.52532039318153,0.26720334632209053,26.720334632209052,16074,train,test,layer_sweep_metrics.json
afriberta_large,hau,swa,3,False,0.46329476172701256,46.329476172701256,0.33569492845732,33.569492845732,16074,train,test,layer_sweep_metrics.json
afriberta_large,hau,swa,4,False,0.4761104889884285,47.61104889884285,0.344648071088159,34.4648071088159,16074,train,test,layer_sweep_metrics.json
afriberta_large,hau,swa,5,False,0.48643772551947245,48.643772551947244,0.34264117550442647,34.26411755044265,16074,train,test,layer_sweep_metrics.json
afriberta_large,hau,swa,6,False,0.48002986188876445,48.00298618887645,0.3384881617948882,33.84881617948882,16074,train,test,layer_sweep_metrics.json
afriberta_large,hau,swa,7,False,0.475799427647132,47.5799427647132,0.3441375931803552,34.41375931803552,16074,train,test,layer_sweep_metrics.json
afriberta_large,hau,swa,8,False,0.4657832524573846,46.57832524573846,0.33488941218190577,33.488941218190575,16074,train,test,layer_sweep_metrics.json
afriberta_large,hau,swa,9,False,0.4667786487495334,46.67786487495334,0.326007898468619,32.6007898468619,16074,train,test,layer_sweep_metrics.json
afriberta_large,hau,swa,10,False,0.4601841483140475,46.018414831404755,0.31823620325603036,31.823620325603034,16074,train,test,layer_sweep_metrics.json
afriberta_large,hau,wol,0,False,0.251697157979519,25.169715797951902,0.12713060950523955,12.713060950523955,17382,train,test,layer_sweep_metrics.json
afriberta_large,hau,wol,1,False,0.24767000345184673,24.767000345184673,0.12137620362442669,12.13762036244267,17382,train,test,layer_sweep_metrics.json
afriberta_large,hau,wol,2,False,0.2753998389138189,27.53998389138189,0.12493259631713848,12.493259631713848,17382,train,test,layer_sweep_metrics.json
afriberta_large,hau,wol,3,False,0.27971464733632495,27.971464733632494,0.14053277294507538,14.053277294507538,17382,train,test,layer_sweep_metrics.json
afriberta_large,hau,wol,4,False,0.2867909331492348,28.67909331492348,0.1411787927968978,14.11787927968978,17382,train,test,layer_sweep_metrics.json
afriberta_large,hau,wol,5,False,0.27166033828098035,27.166033828098037,0.14312242247752108,14.312242247752108,17382,train,test,layer_sweep_metrics.json
afriberta_large,hau,wol,6,False,0.24974111149464964,24.974111149464964,0.12953120110497876,12.953120110497876,17382,train,test,layer_sweep_metrics.json
afriberta_large,hau,wol,7,False,0.274019100218617,27.401910021861696,0.14199401399247608,14.199401399247607,17382,train,test,layer_sweep_metrics.json
afriberta_large,hau,wol,8,False,0.27470946956621795,27.470946956621795,0.1296513087927961,12.96513087927961,17382,train,test,layer_sweep_metrics.json
afriberta_large,hau,wol,9,False,0.2729260154182488,27.29260154182488,0.12990220097562424,12.990220097562425,17382,train,test,layer_sweep_metrics.json
afriberta_large,hau,wol,10,False,0.2756874928086526,27.568749280865262,0.12495879566555533,12.495879566555534,17382,train,test,layer_sweep_metrics.json
afriberta_large,hau,yor,0,False,0.32044262578525734,32.04426257852573,0.20279058395113858,20.279058395113857,17351,train,test,layer_sweep_metrics.json
afriberta_large,hau,yor,1,False,0.45184715578352835,45.18471557835284,0.2996856752607992,29.96856752607992,17351,train,test,layer_sweep_metrics.json
afriberta_large,hau,yor,2,False,0.5359921618350527,53.59921618350527,0.33389803311661775,33.38980331166177,17351,train,test,layer_sweep_metrics.json
afriberta_large,hau,yor,3,False,0.5868826004264884,58.68826004264884,0.40182914275463,40.182914275463,17351,train,test,layer_sweep_metrics.json
afriberta_large,hau,yor,4,False,0.5990432828079073,59.90432828079073,0.415137050962016,41.5137050962016,17351,train,test,layer_sweep_metrics.json
afriberta_large,hau,yor,5,False,0.6099936603077633,60.99936603077632,0.4430043744714566,44.300437447145654,17351,train,test,layer_sweep_metrics.json
afriberta_large,hau,yor,6,False,0.6072272491499049,60.722724914990486,0.4303043799095038,43.03043799095038,17351,train,test,layer_sweep_metrics.json
afriberta_large,hau,yor,7,False,0.5886116074001498,58.86116074001498,0.4000156142862423,40.001561428624235,17351,train,test,layer_sweep_metrics.json
afriberta_large,hau,yor,8,False,0.572589476110887,57.25894761108869,0.38864855542624943,38.864855542624944,17351,train,test,layer_sweep_metrics.json
afriberta_large,hau,yor,9,False,0.5888997752290934,58.88997752290934,0.42516548404695914,42.51654840469591,17351,train,test,layer_sweep_metrics.json
afriberta_large,hau,yor,10,False,0.5256181199930839,52.5618119993084,0.38165335311423426,38.165335311423426,17351,train,test,layer_sweep_metrics.json
afriberta_large,ibo,hau,0,False,0.4077600725482575,40.77600725482575,0.22103068996313616,22.103068996313617,15438,train,test,layer_sweep_metrics.json
afriberta_large,ibo,hau,1,False,0.49144966964632725,49.14496696463272,0.28714568548269,28.714568548269,15438,train,test,layer_sweep_metrics.json
afriberta_large,ibo,hau,2,False,0.5435289545277886,54.35289545277886,0.32433887543531364,32.43388754353136,15438,train,test,layer_sweep_metrics.json
afriberta_large,ibo,hau,3,False,0.5867340329058168,58.67340329058168,0.3614002710712804,36.14002710712804,15438,train,test,layer_sweep_metrics.json
afriberta_large,ibo,hau,4,False,0.5905557714729888,59.05557714729888,0.3823928667248449,38.23928667248449,15438,train,test,layer_sweep_metrics.json
afriberta_large,ibo,hau,5,False,0.5901023448633242,59.01023448633242,0.3736873446461957,37.36873446461957,15438,train,test,layer_sweep_metrics.json
afriberta_large,ibo,hau,6,False,0.5895841430237078,58.95841430237078,0.3795957822978247,37.95957822978247,15438,train,test,layer_sweep_metrics.json
afriberta_large,ibo,hau,7,False,0.5728073584661225,57.28073584661225,0.3659069707614046,36.59069707614046,15438,train,test,layer_sweep_metrics.json
afriberta_large,ibo,hau,8,False,0.5625728721336961,56.25728721336961,0.3435887268389856,34.35887268389856,15438,train,test,layer_sweep_metrics.json
afriberta_large,ibo,hau,9,False,0.5480632206244332,54.80632206244332,0.3360801208291081,33.60801208291081,15438,train,test,layer_sweep_metrics.json
afriberta_large,ibo,hau,10,False,0.5171654359372976,51.71654359372976,0.3186513582570562,31.86513582570562,15438,train,test,layer_sweep_metrics.json
afriberta_large,ibo,ibo,0,True,0.7048784927641758,70.48784927641758,0.4830836336423888,48.30836336423888,21974,train,test,layer_sweep_metrics.json
afriberta_large,ibo,ibo,1,True,0.7192591244197688,71.92591244197688,0.4996605259297899,49.96605259297899,21974,train,test,layer_sweep_metrics.json
afriberta_large,ibo,ibo,2,True,0.7336397560753618,73.36397560753618,0.5141719985955987,51.41719985955987,21974,train,test,layer_sweep_metrics.json
afriberta_large,ibo,ibo,3,True,0.7857467916628743,78.57467916628742,0.5625169463420595,56.251694634205954,21974,train,test,layer_sweep_metrics.json
afriberta_large,ibo,ibo,4,True,0.7910257577136616,79.10257577136616,0.5701546993741959,57.015469937419596,21974,train,test,layer_sweep_metrics.json
afriberta_large,ibo,ibo,5,True,0.7958496404842086,79.58496404842086,0.5741375417857121,57.41375417857121,21974,train,test,layer_sweep_metrics.json
afriberta_large,ibo,ibo,6,True,0.8018567397833803,80.18567397833803,0.5782607552661988,57.82607552661988,21974,train,test,layer_sweep_metrics.json
afriberta_large,ibo,ibo,7,True,0.7982160735414581,79.82160735414581,0.5768108893354402,57.681088933544025,21974,train,test,layer_sweep_metrics.json
afriberta_large,ibo,ibo,8,True,0.8006735232547556,80.06735232547555,0.5754878596595949,57.548785965959496,21974,train,test,layer_sweep_metrics.json
afriberta_large,ibo,ibo,9,True,0.7971238736688814,79.71238736688814,0.5734089759921369,57.34089759921369,21974,train,test,layer_sweep_metrics.json
afriberta_large,ibo,ibo,10,True,0.7917538909620461,79.17538909620461,0.5685153917263557,56.85153917263557,21974,train,test,layer_sweep_metrics.json
afriberta_large,ibo,swa,0,False,0.4440711708348886,44.40711708348886,0.2515646867018133,25.156468670181333,16074,train,test,layer_sweep_metrics.json
afriberta_large,ibo,swa,1,False,0.5225830533781262,52.258305337812615,0.284004286432687,28.4004286432687,16074,train,test,layer_sweep_metrics.json
afriberta_large,ibo,swa,2,False,0.5577951972128904,55.77951972128904,0.35354765507476116,35.35476550747612,16074,train,test,layer_sweep_metrics.json
afriberta_large,ibo,swa,3,False,0.5963668035336568,59.636680353365676,0.39766630625311505,39.76663062531151,16074,train,test,layer_sweep_metrics.json
afriberta_large,ibo,swa,4,False,0.6114221724524076,61.14221724524076,0.4202920741531408,42.029207415314076,16074,train,test,layer_sweep_metrics.json
afriberta_large,ibo,swa,5,False,0.5955580440462859,59.55580440462859,0.3936911279725655,39.36911279725655,16074,train,test,layer_sweep_metrics.json
afriberta_large,ibo,swa,6,False,0.5888391190742814,58.88391190742814,0.39070933191005336,39.07093319100534,16074,train,test,layer_sweep_metrics.json
afriberta_large,ibo,swa,7,False,0.581498071419684,58.1498071419684,0.35602973159926726,35.60297315992673,16074,train,test,layer_sweep_metrics.json
afriberta_large,ibo,swa,8,False,0.5716063207664551,57.16063207664551,0.3683293270397459,36.83293270397459,16074,train,test,layer_sweep_metrics.json
afriberta_large,ibo,swa,9,False,0.5557421923603335,55.57421923603335,0.36123155857103645,36.12315585710365,16074,train,test,layer_sweep_metrics.json
afriberta_large,ibo,swa,10,False,0.5441084981958442,54.41084981958441,0.35221023678870167,35.22102367887017,16074,train,test,layer_sweep_metrics.json
afriberta_large,ibo,wol,0,False,0.30238177424922336,30.238177424922334,0.1443377583235395,14.433775832353952,17382,train,test,layer_sweep_metrics.json
afriberta_large,ibo,wol,1,False,0.29766425037395006,29.766425037395006,0.13913909892180798,13.913909892180797,17382,train,test,layer_sweep_metrics.json
afriberta_large,ibo,wol,2,False,0.3046254746289265,30.462547462892648,0.1391433104963107,13.914331049631071,17382,train,test,layer_sweep_metrics.json
afriberta_large,ibo,wol,3,False,0.3569209527096997,35.69209527096997,0.16355434051918616,16.355434051918614,17382,train,test,layer_sweep_metrics.json
afriberta_large,ibo,wol,4,False,0.35346910597169484,35.34691059716948,0.15826933488989609,15.826933488989608,17382,train,test,layer_sweep_metrics.json
afriberta_large,ibo,wol,5,False,0.33482913358646876,33.482913358646876,0.1418955134129311,14.189551341293111,17382,train,test,layer_sweep_metrics.json
afriberta_large,ibo,wol,6,False,0.3103785525256012,31.03785525256012,0.137998428941222,13.7998428941222,17382,train,test,layer_sweep_metrics.json
afriberta_large,ibo,wol,7,False,0.33822344954550687,33.82234495455069,0.1464795470040685,14.647954700406851,17382,train,test,layer_sweep_metrics.json
afriberta_large,ibo,wol,8,False,0.33897134967207454,33.89713496720746,0.16457077283708854,16.457077283708855,17382,train,test,layer_sweep_metrics.json
afriberta_large,ibo,wol,9,False,0.34564492003221725,34.56449200322172,0.1553894576060726,15.538945760607259,17382,train,test,layer_sweep_metrics.json
afriberta_large,ibo,wol,10,False,0.3465654124956852,34.65654124956852,0.1578293450590456,15.782934505904562,17382,train,test,layer_sweep_metrics.json
afriberta_large,ibo,yor,0,False,0.44908074462567,44.908074462567,0.19501594618201987,19.501594618201988,17351,train,test,layer_sweep_metrics.json
afriberta_large,ibo,yor,1,False,0.49236355253299524,49.23635525329952,0.28576349881302165,28.576349881302164,17351,train,test,layer_sweep_metrics.json
afriberta_large,ibo,yor,2,False,0.5520719266901043,55.20719266901043,0.3436673735465669,34.36673735465669,17351,train,test,layer_sweep_metrics.json
afriberta_large,ibo,yor,3,False,0.6253241888075616,62.532418880756154,0.4376298362123769,43.76298362123769,17351,train,test,layer_sweep_metrics.json
afriberta_large,ibo,yor,4,False,0.6448619676099361,64.48619676099361,0.4301498560966621,43.01498560966621,17351,train,test,layer_sweep_metrics.json
afriberta_large,ibo,yor,5,False,0.6438821969915278,64.38821969915278,0.45592049856062317,45.59204985606232,17351,train,test,layer_sweep_metrics.json
afriberta_large,ibo,yor,6,False,0.6447467004783586,64.47467004783586,0.4192988246226658,41.92988246226658,17351,train,test,layer_sweep_metrics.json
afriberta_large,ibo,yor,7,False,0.6483199815572589,64.83199815572588,0.423553072884436,42.3553072884436,17351,train,test,layer_sweep_metrics.json
afriberta_large,ibo,yor,8,False,0.6513745605440608,65.13745605440609,0.44074815574004195,44.0748155740042,17351,train,test,layer_sweep_metrics.json
afriberta_large,ibo,yor,9,False,0.6302230418996023,63.02230418996023,0.41951444884391953,41.951444884391954,17351,train,test,layer_sweep_metrics.json
afriberta_large,ibo,yor,10,False,0.5939715290185004,59.397152901850035,0.3793109013482479,37.93109013482479,17351,train,test,layer_sweep_metrics.json
afriberta_large,swa,hau,0,False,0.3360538929913201,33.60538929913201,0.16845288859588756,16.845288859588756,15438,train,test,layer_sweep_metrics.json
afriberta_large,swa,hau,1,False,0.41566265060240964,41.566265060240966,0.2247499816399146,22.47499816399146,15438,train,test,layer_sweep_metrics.json
afriberta_large,swa,hau,2,False,0.4444228527011271,44.442285270112706,0.24218132010850757,24.218132010850756,15438,train,test,layer_sweep_metrics.json
afriberta_large,swa,hau,3,False,0.45582329317269077,45.58232931726908,0.28152063395833943,28.15206339583394,15438,train,test,layer_sweep_metrics.json
afriberta_large,swa,hau,4,False,0.47000906853219326,47.00090685321933,0.2968701542250728,29.68701542250728,15438,train,test,layer_sweep_metrics.json
afriberta_large,swa,hau,5,False,0.47525586215831067,47.52558621583107,0.301984506139779,30.1984506139779,15438,train,test,layer_sweep_metrics.json
afriberta_large,swa,hau,6,False,0.47907760072548256,47.90776007254826,0.30693624614608034,30.693624614608034,15438,train,test,layer_sweep_metrics.json
afriberta_large,swa,hau,7,False,0.4702033942220495,47.02033942220495,0.2915198283944391,29.151982839443907,15438,train,test,layer_sweep_metrics.json
afriberta_large,swa,hau,8,False,0.4543334628837932,45.433346288379326,0.2805685604513071,28.05685604513071,15438,train,test,layer_sweep_metrics.json
afriberta_large,swa,hau,9,False,0.45051172431662134,45.05117243166213,0.2769965788760679,27.699657887606786,15438,train,test,layer_sweep_metrics.json
afriberta_large,swa,hau,10,False,0.44351599948179815,44.35159994817982,0.26293175897641724,26.293175897641724,15438,train,test,layer_sweep_metrics.json
afriberta_large,swa,ibo,0,False,0.40761809411122235,40.761809411122236,0.20395553431134364,20.395553431134363,21974,train,test,layer_sweep_metrics.json
afriberta_large,swa,ibo,1,False,0.5078729407481569,50.78729407481569,0.25603923074663065,25.603923074663065,21974,train,test,layer_sweep_metrics.json
afriberta_large,swa,ibo,2,False,0.5680349503959224,56.80349503959224,0.3108690123053878,31.086901230538782,21974,train,test,layer_sweep_metrics.json
afriberta_large,swa,ibo,3,False,0.5982069718758533,59.820697187585324,0.3583202371313192,35.832023713131925,21974,train,test,layer_sweep_metrics.json
afriberta_large,swa,ibo,4,False,0.6128606534995904,61.28606534995904,0.38524487420970205,38.5244874209702,21974,train,test,layer_sweep_metrics.json
afriberta_large,swa,ibo,5,False,0.5959315554746518,59.59315554746518,0.3908667575750499,39.08667575750499,21974,train,test,layer_sweep_metrics.json
afriberta_large,swa,ibo,6,False,0.5934741057613543,59.34741057613543,0.3841667189054484,38.41667189054484,21974,train,test,layer_sweep_metrics.json
afriberta_large,swa,ibo,7,False,0.5843269318285246,58.43269318285246,0.37657972143670243,37.65797214367024,21974,train,test,layer_sweep_metrics.json
afriberta_large,swa,ibo,8,False,0.5796395740420497,57.96395740420497,0.3701994172132713,37.01994172132713,21974,train,test,layer_sweep_metrics.json
afriberta_large,swa,ibo,9,False,0.5553381268772185,55.53381268772185,0.3378643602016836,33.78643602016836,21974,train,test,layer_sweep_metrics.json
afriberta_large,swa,ibo,10,False,0.551378902339128,55.1378902339128,0.31972638890635213,31.972638890635213,21974,train,test,layer_sweep_metrics.json
afriberta_large,swa,swa,0,True,0.8460246360582306,84.60246360582306,0.5561259029511866,55.61259029511866,16074,train,test,layer_sweep_metrics.json
afriberta_large,swa,swa,1,True,0.8590892123926839,85.90892123926838,0.6522575156517697,65.22575156517696,16074,train,test,layer_sweep_metrics.json
afriberta_large,swa,swa,2,True,0.8794948363817344,87.94948363817345,0.6938049161626859,69.38049161626859,16074,train,test,layer_sweep_metrics.json
afriberta_large,swa,swa,3,True,0.9062461117332338,90.62461117332337,0.7329950366740854,73.29950366740854,16074,train,test,layer_sweep_metrics.json
afriberta_large,swa,swa,4,True,0.9109742441209406,91.09742441209406,0.738879505880827,73.8879505880827,16074,train,test,layer_sweep_metrics.json
afriberta_large,swa,swa,5,True,0.9109120318526813,91.09120318526813,0.7359767553705463,73.59767553705463,16074,train,test,layer_sweep_metrics.json
afriberta_large,swa,swa,6,True,0.9079258429762349,90.79258429762349,0.732357928627432,73.2357928627432,16074,train,test,layer_sweep_metrics.json
afriberta_large,swa,swa,7,True,0.9012069180042305,90.12069180042305,0.7213833105646711,72.13833105646711,16074,train,test,layer_sweep_metrics.json
afriberta_large,swa,swa,8,True,0.8956700261291527,89.56700261291527,0.714272371507065,71.4272371507065,16074,train,test,layer_sweep_metrics.json
afriberta_large,swa,swa,9,True,0.8939902948861516,89.39902948861516,0.7083174542313498,70.83174542313499,16074,train,test,layer_sweep_metrics.json
afriberta_large,swa,swa,10,True,0.8861515490854797,88.61515490854796,0.6969771898036491,69.69771898036491,16074,train,test,layer_sweep_metrics.json
afriberta_large,swa,wol,0,False,0.2209181912323093,22.09181912323093,0.09183858295234017,9.183858295234018,17382,train,test,layer_sweep_metrics.json
afriberta_large,swa,wol,1,False,0.2565872741916926,25.65872741916926,0.10132856668019737,10.132856668019736,17382,train,test,layer_sweep_metrics.json
afriberta_large,swa,wol,2,False,0.24318260269244046,24.318260269244046,0.09187903440624175,9.187903440624174,17382,train,test,layer_sweep_metrics.json
afriberta_large,swa,wol,3,False,0.2588309745713957,25.88309745713957,0.11422424993568314,11.422424993568313,17382,train,test,layer_sweep_metrics.json
afriberta_large,swa,wol,4,False,0.25768035899206077,25.768035899206076,0.11173307290521974,11.173307290521974,17382,train,test,layer_sweep_metrics.json
afriberta_large,swa,wol,5,False,0.24928086526291565,24.928086526291565,0.11093070287148868,11.093070287148867,17382,train,test,layer_sweep_metrics.json
afriberta_large,swa,wol,6,False,0.2235070762858129,22.35070762858129,0.10453384153557042,10.453384153557042,17382,train,test,layer_sweep_metrics.json
afriberta_large,swa,wol,7,False,0.2213209066850765,22.13209066850765,0.09895655748053324,9.895655748053324,17382,train,test,layer_sweep_metrics.json
afriberta_large,swa,wol,8,False,0.25595443562305836,25.595443562305835,0.11474720880293342,11.474720880293342,17382,train,test,layer_sweep_metrics.json
afriberta_large,swa,wol,9,False,0.23173397767805776,23.173397767805774,0.11392264129349897,11.392264129349897,17382,train,test,layer_sweep_metrics.json
afriberta_large,swa,wol,10,False,0.2540559199171557,25.40559199171557,0.11193684887641356,11.193684887641355,17382,train,test,layer_sweep_metrics.json
afriberta_large,swa,yor,0,False,0.3184254509826523,31.84254509826523,0.20857632900808043,20.857632900808042,17351,train,test,layer_sweep_metrics.json
afriberta_large,swa,yor,1,False,0.3841853495475765,38.41853495475765,0.251877082273157,25.187708227315703,17351,train,test,layer_sweep_metrics.json
afriberta_large,swa,yor,2,False,0.3993429773500086,39.93429773500086,0.28025611797328964,28.025611797328963,17351,train,test,layer_sweep_metrics.json
afriberta_large,swa,yor,3,False,0.42666128753385973,42.666128753385976,0.3044790291421294,30.44790291421294,17351,train,test,layer_sweep_metrics.json
afriberta_large,swa,yor,4,False,0.4427986859547,44.27986859547,0.32089883872584474,32.08988387258447,17351,train,test,layer_sweep_metrics.json
afriberta_large,swa,yor,5,False,0.45328799492824623,45.32879949282462,0.33424420272337346,33.42442027233734,17351,train,test,layer_sweep_metrics.json
afriberta_large,swa,yor,6,False,0.42303037288917067,42.30303728891707,0.32290198460801084,32.290198460801086,17351,train,test,layer_sweep_metrics.json
afriberta_large,swa,yor,7,False,0.4130021324419342,41.300213244193415,0.2981596361256901,29.815963612569007,17351,train,test,layer_sweep_metrics.json
afriberta_large,swa,yor,8,False,0.41363610166561005,41.363610166561,0.28702540128648507,28.702540128648508,17351,train,test,layer_sweep_metrics.json
afriberta_large,swa,yor,9,False,0.39870900812633275,39.87090081263327,0.28187159211882895,28.187159211882896,17351,train,test,layer_sweep_metrics.json
afriberta_large,swa,yor,10,False,0.3958849634026857,39.58849634026857,0.28524542797876257,28.524542797876258,17351,train,test,layer_sweep_metrics.json
afriberta_large,wol,hau,0,False,0.3028242000259101,30.28242000259101,0.1573861077884151,15.738610778841512,15438,train,test,layer_sweep_metrics.json
afriberta_large,wol,hau,1,False,0.3832102603964244,38.32102603964244,0.1837811606647945,18.37811606647945,15438,train,test,layer_sweep_metrics.json
afriberta_large,wol,hau,2,False,0.37563155849203267,37.56315584920327,0.18279915945906794,18.279915945906794,15438,train,test,layer_sweep_metrics.json
afriberta_large,wol,hau,3,False,0.3819147557973831,38.19147557973831,0.20230963153189996,20.230963153189997,15438,train,test,layer_sweep_metrics.json
afriberta_large,wol,hau,4,False,0.37103251716543595,37.103251716543596,0.1943515281157907,19.43515281157907,15438,train,test,layer_sweep_metrics.json
afriberta_large,wol,hau,5,False,0.34998056743101436,34.998056743101436,0.18835564827636034,18.835564827636034,15438,train,test,layer_sweep_metrics.json
afriberta_large,wol,hau,6,False,0.33948698017877965,33.948698017877966,0.18741099179208334,18.741099179208334,15438,train,test,layer_sweep_metrics.json
afriberta_large,wol,hau,7,False,0.3639720171006607,36.39720171006607,0.194658770394064,19.4658770394064,15438,train,test,layer_sweep_metrics.json
afriberta_large,wol,hau,8,False,0.3774452649306905,37.74452649306905,0.19904824362945403,19.9048243629454,15438,train,test,layer_sweep_metrics.json
afriberta_large,wol,hau,9,False,0.36410156756056483,36.41015675605648,0.1998022675171456,19.98022675171456,15438,train,test,layer_sweep_metrics.json
afriberta_large,wol,hau,10,False,0.33883922787925896,33.8839227879259,0.18151486351828813,18.15148635182881,15438,train,test,layer_sweep_metrics.json
afriberta_large,wol,ibo,0,False,0.2814235005005916,28.14235005005916,0.14309491332769597,14.309491332769596,21974,train,test,layer_sweep_metrics.json
afriberta_large,wol,ibo,1,False,0.4490306726130882,44.90306726130882,0.20654353365822695,20.654353365822693,21974,train,test,layer_sweep_metrics.json
afriberta_large,wol,ibo,2,False,0.4147629016109948,41.476290161099485,0.1853328217406124,18.53328217406124,21974,train,test,layer_sweep_metrics.json
afriberta_large,wol,ibo,3,False,0.4033858196049877,40.33858196049877,0.22296665723418274,22.296665723418275,21974,train,test,layer_sweep_metrics.json
afriberta_large,wol,ibo,4,False,0.3583325748611996,35.83325748611996,0.19522401206400758,19.522401206400758,21974,train,test,layer_sweep_metrics.json
afriberta_large,wol,ibo,5,False,0.3389005187949395,33.890051879493946,0.17464599633381128,17.464599633381127,21974,train,test,layer_sweep_metrics.json
afriberta_large,wol,ibo,6,False,0.28196960043687996,28.196960043687998,0.16769027486602864,16.769027486602862,21974,train,test,layer_sweep_metrics.json
afriberta_large,wol,ibo,7,False,0.34850277600800944,34.85027760080094,0.19233535031263374,19.233535031263376,21974,train,test,layer_sweep_metrics.json
afriberta_large,wol,ibo,8,False,0.3552835168835897,35.528351688358974,0.1579906325319971,15.79906325319971,21974,train,test,layer_sweep_metrics.json
afriberta_large,wol,ibo,9,False,0.3369891690179303,33.69891690179303,0.1758011401946408,17.58011401946408,21974,train,test,layer_sweep_metrics.json
afriberta_large,wol,ibo,10,False,0.30695367252207156,30.695367252207156,0.1600214816433903,16.00214816433903,21974,train,test,layer_sweep_metrics.json
afriberta_large,wol,swa,0,False,0.24281448301605077,24.281448301605078,0.11215867424187789,11.21586742418779,16074,train,test,layer_sweep_metrics.json
afriberta_large,wol,swa,1,False,0.3216996391688441,32.169963916884406,0.13824910091462914,13.824910091462913,16074,train,test,layer_sweep_metrics.json
afriberta_large,wol,swa,2,False,0.33358218240637055,33.35821824063706,0.13985133772211794,13.985133772211794,16074,train,test,layer_sweep_metrics.json
afriberta_large,wol,swa,3,False,0.3388080129401518,33.88080129401518,0.16937205508822314,16.937205508822313,16074,train,test,layer_sweep_metrics.json
afriberta_large,wol,swa,4,False,0.3328978474555182,33.28978474555182,0.15494040087577227,15.494040087577227,16074,train,test,layer_sweep_metrics.json
afriberta_large,wol,swa,5,False,0.3133631952220978,31.33631952220978,0.15963440888648406,15.963440888648407,16074,train,test,layer_sweep_metrics.json
afriberta_large,wol,swa,6,False,0.261478163493841,26.1478163493841,0.15625177648951982,15.625177648951983,16074,train,test,layer_sweep_metrics.json
afriberta_large,wol,swa,7,False,0.3141719547094687,31.41719547094687,0.1577357728808202,15.77357728808202,16074,train,test,layer_sweep_metrics.json
afriberta_large,wol,swa,8,False,0.30701754385964913,30.701754385964914,0.1420892466174537,14.208924661745371,16074,train,test,layer_sweep_metrics.json
afriberta_large,wol,swa,9,False,0.31641159636680355,31.641159636680356,0.18294493256158728,18.294493256158727,16074,train,test,layer_sweep_metrics.json
afriberta_large,wol,swa,10,False,0.2466716436481274,24.66716436481274,0.14091214300087138,14.091214300087138,16074,train,test,layer_sweep_metrics.json
afriberta_large,wol,wol,0,True,0.6657461742031987,66.57461742031987,0.604367975802731,60.43679758027311,17382,train,test,layer_sweep_metrics.json
afriberta_large,wol,wol,1,True,0.6691404901622368,66.91404901622367,0.6070172168633357,60.70172168633356,17382,train,test,layer_sweep_metrics.json
afriberta_large,wol,wol,2,True,0.689794039811299,68.9794039811299,0.6234159269551871,62.34159269551871,17382,train,test,layer_sweep_metrics.json
afriberta_large,wol,wol,3,True,0.7790818087676907,77.90818087676908,0.6891479104538102,68.91479104538102,17382,train,test,layer_sweep_metrics.json
afriberta_large,wol,wol,4,True,0.8059486825451616,80.59486825451616,0.716227317412362,71.6227317412362,17382,train,test,layer_sweep_metrics.json
afriberta_large,wol,wol,5,True,0.8233805085720861,82.33805085720861,0.730061995402848,73.0061995402848,17382,train,test,layer_sweep_metrics.json
afriberta_large,wol,wol,6,True,0.8221723622137844,82.21723622137844,0.7307404881596525,73.07404881596526,17382,train,test,layer_sweep_metrics.json
afriberta_large,wol,wol,7,True,0.8185479231388793,81.85479231388793,0.7295335332530529,72.95335332530529,17382,train,test,layer_sweep_metrics.json
afriberta_large,wol,wol,8,True,0.8066965826717294,80.66965826717293,0.7166579507388249,71.66579507388249,17382,train,test,layer_sweep_metrics.json
afriberta_large,wol,wol,9,True,0.8034748590495915,80.34748590495914,0.7173343773758425,71.73343773758425,17382,train,test,layer_sweep_metrics.json
afriberta_large,wol,wol,10,True,0.7963410424577149,79.63410424577148,0.707890363769626,70.7890363769626,17382,train,test,layer_sweep_metrics.json
afriberta_large,wol,yor,0,False,0.278197222062129,27.819722206212898,0.1307173659785628,13.07173659785628,17351,train,test,layer_sweep_metrics.json
afriberta_large,wol,yor,1,False,0.33755979482450577,33.75597948245058,0.15796562320994134,15.796562320994134,17351,train,test,layer_sweep_metrics.json
afriberta_large,wol,yor,2,False,0.3744452769292836,37.44452769292836,0.19020541007460276,19.020541007460277,17351,train,test,layer_sweep_metrics.json
afriberta_large,wol,yor,3,False,0.36960405740303154,36.96040574030315,0.20038469518695162,20.038469518695162,17351,train,test,layer_sweep_metrics.json
afriberta_large,wol,yor,4,False,0.3777880237450291,37.77880237450291,0.21398973542414715,21.398973542414716,17351,train,test,layer_sweep_metrics.json
afriberta_large,wol,yor,5,False,0.3463200968243905,34.632009682439055,0.19272521328194026,19.272521328194024,17351,train,test,layer_sweep_metrics.json
afriberta_large,wol,yor,6,False,0.36303383090311797,36.3033830903118,0.22588517180714138,22.58851718071414,17351,train,test,layer_sweep_metrics.json
afriberta_large,wol,yor,7,False,0.37450291049507234,37.450291049507236,0.22471980721772825,22.471980721772823,17351,train,test,layer_sweep_metrics.json
afriberta_large,wol,yor,8,False,0.39461702495533396,39.461702495533395,0.2093357004089866,20.933570040898662,17351,train,test,layer_sweep_metrics.json
afriberta_large,wol,yor,9,False,0.370526194455651,37.0526194455651,0.2108289969901529,21.08289969901529,17351,train,test,layer_sweep_metrics.json
afriberta_large,wol,yor,10,False,0.32199873206155266,32.19987320615527,0.19117240317641773,19.117240317641773,17351,train,test,layer_sweep_metrics.json
afriberta_large,yor,hau,0,False,0.40452131105065425,40.452131105065426,0.23856127761081042,23.85612776108104,15438,train,test,layer_sweep_metrics.json
afriberta_large,yor,hau,1,False,0.518590490996243,51.8590490996243,0.2857510447529622,28.57510447529622,15438,train,test,layer_sweep_metrics.json
afriberta_large,yor,hau,2,False,0.5435937297577407,54.359372975774065,0.3079064843748827,30.790648437488272,15438,train,test,layer_sweep_metrics.json
afriberta_large,yor,hau,3,False,0.5954786889493457,59.547868894934574,0.37940504342795994,37.940504342796,15438,train,test,layer_sweep_metrics.json
afriberta_large,yor,hau,4,False,0.6052597486721077,60.52597486721078,0.38371862106921933,38.37186210692193,15438,train,test,layer_sweep_metrics.json
afriberta_large,yor,hau,5,False,0.5933411063609276,59.33411063609276,0.38265019095473696,38.2650190954737,15438,train,test,layer_sweep_metrics.json
afriberta_large,yor,hau,6,False,0.5769529731830548,57.695297318305485,0.369876745760755,36.987674576075506,15438,train,test,layer_sweep_metrics.json
afriberta_large,yor,hau,7,False,0.5550589454592564,55.505894545925635,0.3387445536414563,33.874455364145625,15438,train,test,layer_sweep_metrics.json
afriberta_large,yor,hau,8,False,0.5504599041326597,55.04599041326597,0.35332833431295524,35.332833431295526,15438,train,test,layer_sweep_metrics.json
afriberta_large,yor,hau,9,False,0.5338126700349787,53.38126700349787,0.3292661707357456,32.92661707357456,15438,train,test,layer_sweep_metrics.json
afriberta_large,yor,hau,10,False,0.48302888975255864,48.30288897525586,0.2902645967056706,29.02645967056706,15438,train,test,layer_sweep_metrics.json
afriberta_large,yor,ibo,0,False,0.5251205970692637,52.51205970692637,0.2641105338485401,26.41105338485401,21974,train,test,layer_sweep_metrics.json
afriberta_large,yor,ibo,1,False,0.5802311823063621,58.02311823063621,0.29980509449304654,29.980509449304655,21974,train,test,layer_sweep_metrics.json
afriberta_large,yor,ibo,2,False,0.663420405934286,66.34204059342859,0.3941951256336856,39.419512563368556,21974,train,test,layer_sweep_metrics.json
afriberta_large,yor,ibo,3,False,0.7494766542277237,74.94766542277237,0.5070343755790606,50.703437557906064,21974,train,test,layer_sweep_metrics.json
afriberta_large,yor,ibo,4,False,0.7747337762810594,77.47337762810595,0.535172652796897,53.517265279689695,21974,train,test,layer_sweep_metrics.json
afriberta_large,yor,ibo,5,False,0.7591244197688177,75.91244197688177,0.5146458697766677,51.46458697766677,21974,train,test,layer_sweep_metrics.json
afriberta_large,yor,ibo,6,False,0.7598980613452262,75.98980613452262,0.5320387985577121,53.203879855771206,21974,train,test,layer_sweep_metrics.json
afriberta_large,yor,ibo,7,False,0.761263311185947,76.1263311185947,0.5191393144962262,51.913931449622616,21974,train,test,layer_sweep_metrics.json
afriberta_large,yor,ibo,8,False,0.7208974242286338,72.08974242286338,0.4969657074010357,49.69657074010357,21974,train,test,layer_sweep_metrics.json
afriberta_large,yor,ibo,9,False,0.7188950577955766,71.88950577955767,0.49272516320659965,49.27251632065997,21974,train,test,layer_sweep_metrics.json
afriberta_large,yor,ibo,10,False,0.679439337398744,67.9439337398744,0.44695337596936957,44.69533759693696,21974,train,test,layer_sweep_metrics.json
afriberta_large,yor,swa,0,False,0.32748538011695905,32.748538011695906,0.1998095758609292,19.98095758609292,16074,train,test,layer_sweep_metrics.json
afriberta_large,yor,swa,1,False,0.44357347268881425,44.357347268881426,0.2510286197232415,25.10286197232415,16074,train,test,layer_sweep_metrics.json
afriberta_large,yor,swa,2,False,0.49763593380614657,49.76359338061466,0.2997483323998355,29.97483323998355,16074,train,test,layer_sweep_metrics.json
afriberta_large,yor,swa,3,False,0.5183526191364937,51.83526191364937,0.3485513288130107,34.855132881301074,16074,train,test,layer_sweep_metrics.json
afriberta_large,yor,swa,4,False,0.5472813238770685,54.72813238770685,0.37036801387979795,37.03680138797979,16074,train,test,layer_sweep_metrics.json
afriberta_large,yor,swa,5,False,0.5390693044668409,53.906930446684086,0.3576216179287822,35.762161792878224,16074,train,test,layer_sweep_metrics.json
afriberta_large,yor,swa,6,False,0.5424909792211025,54.249097922110245,0.3556502576634803,35.56502576634803,16074,train,test,layer_sweep_metrics.json
afriberta_large,yor,swa,7,False,0.537451785492099,53.7451785492099,0.36070451952229576,36.070451952229575,16074,train,test,layer_sweep_metrics.json
afriberta_large,yor,swa,8,False,0.5116959064327485,51.16959064327485,0.351034375258883,35.103437525888296,16074,train,test,layer_sweep_metrics.json
afriberta_large,yor,swa,9,False,0.5088341420928207,50.88341420928207,0.35066501372740927,35.06650137274093,16074,train,test,layer_sweep_metrics.json
afriberta_large,yor,swa,10,False,0.449110364563892,44.9110364563892,0.32828587561250655,32.82858756125066,16074,train,test,layer_sweep_metrics.json
afriberta_large,yor,wol,0,False,0.28828673340237027,28.828673340237028,0.13885342147201626,13.885342147201627,17382,train,test,layer_sweep_metrics.json
afriberta_large,yor,wol,1,False,0.3010010355540214,30.100103555402143,0.15294144577239346,15.294144577239347,17382,train,test,layer_sweep_metrics.json
afriberta_large,yor,wol,2,False,0.2915084570245081,29.150845702450813,0.1372104075983116,13.72104075983116,17382,train,test,layer_sweep_metrics.json
afriberta_large,yor,wol,3,False,0.36014267633183755,36.014267633183756,0.17701115469567513,17.70111546956751,17382,train,test,layer_sweep_metrics.json
afriberta_large,yor,wol,4,False,0.36687377747094696,36.68737774709469,0.1762449771831859,17.62449771831859,17382,train,test,layer_sweep_metrics.json
afriberta_large,yor,wol,5,False,0.3267172937521574,32.67172937521574,0.1609079165706981,16.09079165706981,17382,train,test,layer_sweep_metrics.json
afriberta_large,yor,wol,6,False,0.3223449545506846,32.23449545506846,0.1604998882297385,16.04998882297385,17382,train,test,layer_sweep_metrics.json
afriberta_large,yor,wol,7,False,0.3043378207340927,30.433782073409272,0.14447773373728445,14.447773373728445,17382,train,test,layer_sweep_metrics.json
afriberta_large,yor,wol,8,False,0.3248763088252215,32.48763088252215,0.15455011770787072,15.455011770787072,17382,train,test,layer_sweep_metrics.json
afriberta_large,yor,wol,9,False,0.3174548383385111,31.74548383385111,0.15239571603855748,15.239571603855747,17382,train,test,layer_sweep_metrics.json
afriberta_large,yor,wol,10,False,0.32372569324588657,32.37256932458866,0.1672829306560753,16.72829306560753,17382,train,test,layer_sweep_metrics.json
afriberta_large,yor,yor,0,True,0.8364935738574145,83.64935738574145,0.7692416893906323,76.92416893906324,17351,train,test,layer_sweep_metrics.json
afriberta_large,yor,yor,1,True,0.8458878450809751,84.58878450809752,0.7757610311886064,77.57610311886064,17351,train,test,layer_sweep_metrics.json
afriberta_large,yor,yor,2,True,0.8639847847386318,86.39847847386318,0.7891574852944616,78.91574852944616,17351,train,test,layer_sweep_metrics.json
afriberta_large,yor,yor,3,True,0.9005244654486773,90.05244654486772,0.8203916181345476,82.03916181345477,17351,train,test,layer_sweep_metrics.json
afriberta_large,yor,yor,4,True,0.9161431617774192,91.61431617774191,0.8350824284512204,83.50824284512204,17351,train,test,layer_sweep_metrics.json
afriberta_large,yor,yor,5,True,0.9209267477378825,92.09267477378825,0.839390866635276,83.93908666352759,17351,train,test,layer_sweep_metrics.json
afriberta_large,yor,yor,6,True,0.9216759840931359,92.16759840931358,0.8379302023537274,83.79302023537274,17351,train,test,layer_sweep_metrics.json
afriberta_large,yor,yor,7,True,0.9183332372773904,91.83332372773904,0.8372786548705757,83.72786548705757,17351,train,test,layer_sweep_metrics.json
afriberta_large,yor,yor,8,True,0.9122817128695753,91.22817128695753,0.8286641706160633,82.86641706160634,17351,train,test,layer_sweep_metrics.json
afriberta_large,yor,yor,9,True,0.9079591954354216,90.79591954354215,0.8238656655334906,82.38656655334906,17351,train,test,layer_sweep_metrics.json
afriberta_large,yor,yor,10,True,0.9074981269091119,90.74981269091118,0.825742287260347,82.5742287260347,17351,train,test,layer_sweep_metrics.json
